Prénom,Nom,Société,Site,Département,Service,fonction,Manager - prénom,Manager - nom,PC,Date de naissance,Téléphone fixe,Téléphone portable,Nomadisme - Télétravail
Adrian,Schultz,Ekoloclast,Paris,Communication,Relation Publique et Presse,Chargé de presse,Valentina,Ferrari,P0600,31/05/1998,0116497651,0796563135,non
Adrien,Lambert,Ekoloclast,Paris,DSI,-,DSI,Gilles,Faure,P0343,19/06/1986,0160239025,0699164527,non
Alejandro,Gomez,Ekoloclast,Paris,R&D,Laboratoire,Laborantin,Nora,Al-Hassan,P0245,30/12/1995,0169505634,-,non
Alexandre,Chevalier,Ekoloclast,Paris,Communication,Relation Publique et Presse,Responsable relation média,Valentina,Ferrari,P0574,06/02/1972,0103154038,0776144596,non
Alexandre,Roux,Ekoloclast,Paris,Ventes et Développement Commercial,Service Client,Responsable Service Client,Sarah,Durand,P0451,05/09/1993,0131575061,0730476005,non
Alice,Perrin,Ekoloclast,Paris,Communication,Relation Publique et Presse,Chargé de communication,Valentina,Ferrari,P0232,13/02/2000,0112523363,0767977011,non
Alice,Martin,Ekoloclast,Paris,Ventes et Développement Commercial,B2B,Commercial,Elena,Robert,P0086,04/05/1989,0145709811,0792624936,oui
Alice,Moreau,Ekoloclast,Paris,Ventes et Développement Commercial,Développement internationnal,Commercial,Sarah,Durand,P0710,14/03/1976,0121912626,0737563611,oui
Amaury,Meyer,Ekoloclast,Paris,Direction Marketing,Marketing stratégique,Chef de produit stratégique,Brigitte,Lucas,P0058,02/02/2000,0182813076,0669097724,non
Amelia,Smith,Ekoloclast,Paris,Service Généraux,Logistique,Agent logistique,Julien,Marie,P0454,17/12/1970,0137106437,0686930017,non
Amélie,Fournier,Ekoloclast,Paris,Communication,Publicité,Publicitaire,Valentina,Ferrari,P0655,12/10/1975,0173298288,0639019377,non
Anaïs,Fontaine,Ekoloclast,Paris,Direction Financière,Contrôle de Gestion,Contrôleur de gestion,Aurélie,Petit,P0482,02/01/1996,0192895064,-,non
Andréa,Marton,Ekoloclast,Paris,Ventes et Développement Commercial,B2B,Commercial,Elena,Robert,P0182,22/12/1995,0108775621,0685410356,oui
Antoine,Poirier,Ekoloclast,Paris,RH,Recrutement,Agent RH,Kelly,Arnaud,P0669,04/04/1993,0172264072,-,non
Antoine,Lambert,Ekoloclast,Paris,Ventes et Développement Commercial,ADV,Gestionnaire ADV,Louis,Laurent,P0734,17/03/1990,0184227004,0602772816,non
Ariane,Kaine,StudioOne,Paris,Communication,Publicité,Caméraman,Valentina,Ferrari,-,21/07/1998,-,-,-
Arjun,Singh,Ekoloclast,Paris,Service Généraux,Gestion Immobilière,Gestionnaire immobilier,Julien,Marie,P0293,23/07/1982,0131279927,-,non
Aurélie,Petit,Ekoloclast,Paris,Direction Financière,Finance,DAF,Gilles,Faure,P0173,04/02/1991,0192286333,0755275775,non
Aya,Patel,Ekoloclast,Paris,R&D,Innovation et Stratégie,Chercheur,Sofia,Rodriguez,P0195,28/08/1974,0137875902,0748986446,non
Baptiste,Gros,Ekoloclast,Paris,Service Généraux,Logistique,Agent logistique,Julien,Marie,P0680,02/10/1989,0170707576,0764635179,non
Béatrice,Bonnet,Ekoloclast,Paris,DSI,Développement logiciel,Développeur,Adrien,Lambert,P0249,20/10/1999,0180492890,-,non
Blanche,Renaud,Ekoloclast,Paris,RH,Recrutement,Agent RH,Kelly,Arnaud,P0718,29/04/1977,0127581612,-,non
Brigitte,Lucas,Ekoloclast,Paris,Direction Marketing,Marketing stratégique,Directeur Marketing Stratégique,Gilles,Faure,P0649,16/04/2000,0184893437,0798083548,non
Camille,Fournier,Ekoloclast,Paris,DSI,Support,Hotliner,Adrien,Lambert,P0018,01/09/1976,0100344625,-,non
Camille,Fournier,Ekoloclast,Paris,Ventes et Développement Commercial,ADV,Gestionnaire ADV,Louis,Laurent,P0122,20/09/1970,0112220850,0705492767,non
Carlos,Alvarez,Ekoloclast,Paris,Communication,Relation Publique et Presse,Chargé en droit de la communication,Valentina,Ferrari,P0787,07/03/1984,0145509492,0617625864,non
Cédric,Caron,Ekoloclast,Paris,RH,Gestion des performances,Agent RH,Kelly,Arnaud,P0450,21/12/1998,0115552280,-,non
Charles,Fernandez,Ekoloclast,Paris,Direction Marketing,Marketing Opérationnel,Chargé de promotion,Justine,Gallet,P0043,26/07/1972,0154459066,0632850032,non
Charlotte,Giroux,Ekoloclast,Paris,Communication,Publicité,Webmaster,Valentina,Ferrari,P0070,14/02/1980,0156202577,0776098470,non
Charlotte,Prevost,Ekoloclast,Paris,Service Généraux,Logistique,Agent logistique,Julien,Marie,P0039,08/03/1970,0198392357,0702281809,non
Chloé,Bernard,Ekoloclast,Paris,Ventes et Développement Commercial,Développement internationnal,Commercial,Sarah,Durand,P0042,05/02/1988,0170047366,0631423219,oui
Clara,Dubois,Ekoloclast,Paris,Ventes et Développement Commercial,B2B,Commercial,Elena,Robert,P0053,30/03/1991,0133377258,0611551242,oui
Cyril,François,Ekoloclast,Paris,DSI,Développement logiciel,Développeur,Adrien,Lambert,P0124,31/01/1989,0147088662,-,non
Danielle,Carpentier,Ekoloclast,Paris,Direction Marketing,Marketing Opérationnel,Chargé de promotion,Justine,Gallet,P0379,08/07/1974,0170555972,0674484733,non
David,Thomas,Ekoloclast,Paris,Ventes et Développement Commercial,B2B,Commercial,Elena,Robert,P0606,30/12/1989,0107773755,0611737329,oui
Delphine,Boucher,Ekoloclast,Paris,RH,Gestion des performances,Agent RH,Kelly,Arnaud,P0104,14/11/1998,0112828642,-,non
Diane,Martinez,Ekoloclast,Paris,DSI,Développement logiciel,Intégrateur,Adrien,Lambert,P0020,29/03/1990,0111558031,-,non
Dmitri,Orlov,Ekoloclast,Paris,Ventes et Développement Commercial,Service achat,Acheteur,Oliver,Johnson,P0348,12/07/1982,0112777398,0665247366,non
Édouard,Boulanger,Ekoloclast,Paris,Direction Marketing,Marketing Opérationnel,Chargé de promotion,Justine,Gallet,P0471,15/03/1988,0140713435,0699850248,non
Elena,Ivanova,Ekoloclast,Paris,Service Généraux,Gestion Immobilière,Gestionnaire immobilier,Julien,Marie,P0616,09/12/1992,0113094077,-,non
Elena,Robert,Ekoloclast,Paris,Ventes et Développement Commercial,B2B,Responsable B2B,Sarah,Durand,P0188,06/01/1990,0178123543,0635656037,oui
Élise,François,Ekoloclast,Paris,Ventes et Développement Commercial,ADV,Gestionnaire ADV,Louis,Laurent,P0428,03/03/1995,0170606512,0701519889,non
Elodie,Boucher,Ekoloclast,Paris,Communication,Publicité,Publicitaire,Valentina,Ferrari,P0051,24/04/1993,0194405147,0682347056,non
Émile,Legrand,Ekoloclast,Paris,Direction Générale,-,Directeur adjoint,Gilles,Faure,P0029,01/08/1981,0115180395,0668784704,non
Emma,Dupont,Ekoloclast,Paris,Ventes et Développement Commercial,Grands Comptes,Commercial,Mélanie,Lefebvre,P0460,18/06/1987,0180134516,0710917834,oui
Èsteban,Lomez,Ekoloclast,Paris,Ventes et Développement Commercial,B2B,Commercial,Elena,Robert,P0369,30/08/1976,0135433973,0778840637,oui
Estelle,Dubois,Ekoloclast,Paris,Direction Financière,Service Comptabilité,Comptable,Aurélie,Petit,P0738,24/01/1985,0189315903,-,non
Étienne,Brun,Ekoloclast,Paris,RH,Gestion des performances,Agent RH,Kelly,Arnaud,P0536,12/02/1992,0197320056,-,non
Eva,Meyer,Ekoloclast,Paris,Direction Financière,Contrôle de Gestion,Contrôleur de gestion,Aurélie,Petit,P0117,03/04/1990,0100419489,-,non
Fabien,Richard,Ekoloclast,Paris,Ventes et Développement Commercial,B2C,Commercial,Karine,Simon,P0241,25/01/1994,0119687119,0625993239,oui
Fanny,Garnier,Ekoloclast,Paris,Direction Générale,-,Assistant de direction,Gilles,Faure,P0780,24/01/1973,0198699923,0612078045,non
Fatima,Zahra,Ekoloclast,Paris,Ventes et Développement Commercial,Service achat,Acheteur,Oliver,Johnson,P0363,21/06/1978,0139985010,0698997028,non
Felix,Hoffmann,Ekoloclast,Paris,Communication,Publicité,Designer graphique,Valentina,Ferrari,P0003,24/09/1985,0107897943,0757867820,non
Flore,Leclercq,Ekoloclast,Paris,Direction Marketing,Marketing Opérationnel,Chef de projet,Justine,Gallet,P0489,24/01/1985,0123090371,0629601834,non
Gabriel,Mercier,Ekoloclast,Paris,Direction Financière,Finance,Analyste financier,Aurélie,Petit,P0085,29/06/1987,0103881843,-,non
Gabrielle,Petit,Ekoloclast,Paris,Ventes et Développement Commercial,B2C,Commercial,Karine,Simon,P0659,08/06/1984,0142902989,0752201129,oui
Gaël,Garnier,Ekoloclast,Paris,Direction Marketing,Marketing Opérationnel,Assistant marketing,Justine,Gallet,P0040,22/08/1989,0102317228,0616096309,non
Geneviève,Giraud,Ekoloclast,Paris,RH,Gestion des performances,Agent RH,Kelly,Arnaud,P0202,23/03/1978,0179950819,-,non
Gilles,Faure,Ekoloclast,Paris,Direction Générale,-,CEO,-,-,P0717,26/05/1970,0178576845,0702448459,non
Giovanni,Moretti,Ekoloclast,Paris,Communication,Publicité,Publicitaire,Valentina,Ferrari,P0769,13/05/1999,0184235070,0771068451,non
Hassan,Liffite,Ekoloclast,Paris,DSI,Data,Data scientist,Adrien,Lambert,P0267,13/09/1995,0125665478,-,non
Hélène,Rousseau,Ekoloclast,Paris,Direction Générale,-,Assistant de direction,Gilles,Faure,P0459,05/04/1974,0163877690,0798576239,non
Henri,Lambert,Ekoloclast,Paris,Communication,Publicité,photographe,Valentina,Ferrari,P0244,12/01/1998,0187289774,0733857081,non
Henri,Joly,Ekoloclast,Paris,RH,Gestion des performances,Agent RH,Kelly,Arnaud,P0644,10/03/1974,0101455266,-,non
Hiroto,Takahashi,Ekoloclast,Paris,Service Généraux,Logistique,Agent logistique,Julien,Marie,P0711,31/08/1975,0199846444,0603807402,non
Hortense,Morvan,Ekoloclast,Paris,Direction Marketing,Marketing Opérationnel,Assistant marketing,Justine,Gallet,P0046,14/08/1975,0192567313,0793763664,non
Hugo,Durand,Ekoloclast,Paris,Ventes et Développement Commercial,B2C,Commercial,Karine,Simon,P0524,13/01/1974,0116812833,0676900215,oui
Hugo,Leroy,Ekoloclast,Paris,Ventes et Développement Commercial,Développement internationnal,Commercial,Sarah,Durand,P0194,21/10/1995,0130136517,0799311104,oui
Igor,Lapierre,Ekoloclast,Paris,Direction Marketing,Marketing Opérationnel,Coordinateur Marketing,Justine,Gallet,P0607,03/07/1975,0160368928,0787838091,non
Irène,Lemoine,Ekoloclast,Paris,RH,Gestion des performances,Agent RH,Kelly,Arnaud,P0595,06/04/1983,0140703593,-,non
Isabella,Da Silva,Ekoloclast,Paris,Service Généraux,Logistique,Agent logistique,Julien,Marie,P0367,05/11/1976,0110183212,0766638327,non
Isabelle,Leroy,Ekoloclast,Paris,Ventes et Développement Commercial,B2C,Commercial,Karine,Simon,P0408,11/07/1982,0174379629,0635913014,oui
Ivan,Petrov,Ekoloclast,Paris,R&D,Innovation et Stratégie,Chercheur,Sofia,Rodriguez,P0235,26/07/1973,0144387656,0747825277,non
Jean,Maire,Imag-In,Toulouse,Communication,Publicité,Réalisateur,Valentina,Ferrari,88327,08/12/1987,-,0645220384,-
Jean-Pascal,Millith,StudioOne,Paris,Communication,Publicité,Ingénieur son,Valentina,Ferrari,-,07/03/1997,-,-,-
Jeremy,Lorrain,Ekoloclast,Paris,Ventes et Développement Commercial,B2B,Commercial,Elena,Robert,P0186,05/04/1979,0174589444,0788960245,oui
Jérôme,Perrot,Ekoloclast,Paris,Service Généraux,Logistique,Agent logistique,Julien,Marie,P0728,17/11/1980,0128416520,0734782819,non
Jérôme,Moreau,Ekoloclast,Paris,Ventes et Développement Commercial,B2C,Commercial,Karine,Simon,P0775,15/02/1981,0199934167,0743570154,oui
Jessy,Lair,Ekoloclast,Paris,Ventes et Développement Commercial,B2B,Commercial,Elena,Robert,P0077,16/04/1971,0192625782,0633376803,oui
Jordan,Barbier,Ekoloclast,Paris,RH,Gestion des performances,Agent RH,Kelly,Arnaud,P0038,14/11/1970,0122773262,-,non
Julie,Garcia,Ekoloclast,Paris,Ventes et Développement Commercial,ADV,Gestionnaire ADV,Louis,Laurent,P0705,24/06/1976,0196023881,0686992516,non
Julien,Marie,Ekoloclast,Paris,Service Généraux,Logistique,Responsable Logistique,Aurélie,Petit,P0308,11/09/1992,0165959588,0725806448,non
Juliette,Guerin,Ekoloclast,Paris,Direction Générale,-,Secrétaire,Émile,Legrand,P0648,19/03/1988,0184274864,0676933767,non
Juliette,Bonnet,Ekoloclast,Paris,Ventes et Développement Commercial,ADV,Gestionnaire ADV,Louis,Laurent,P0777,11/03/1983,0119594376,0768119524,non
Justine,Fontaine,Ekoloclast,Paris,Direction Financière,Finance,Analyste financier,Aurélie,Petit,P0653,10/12/1993,0186279253,-,non
Justine,Gallet,Ekoloclast,Paris,Direction Marketing,Marketing Opérationnel,Responsable Marketing Operationnel,Brigitte,Lucas,P0663,14/09/1973,0173974082,0689838313,non
Kai,Chen,Ekoloclast,Paris,R&D,Laboratoire,Laborantin,Nora,Al-Hassan,P0359,30/12/1979,0113785420,-,non
Karine,Simon,Ekoloclast,Paris,Ventes et Développement Commercial,B2C,Responsable B2C,Sarah,Durand,P0031,09/08/1998,0194740234,0615375578,oui
Kelly,Arnaud,Ekoloclast,Paris,RH,-,Directeur-Adjoint RH,Lionel,Marchand,P0105,26/11/1988,0182037421,0770673819,non
Kévin,Muller,Ekoloclast,Paris,Direction Générale,-,Assistant de direction,Émile,Legrand,P0517,21/01/1974,0174507925,0632826644,non
Kylian,Chauvin,Ekoloclast,Paris,Direction Marketing,Marketing Produit,Chef de produit,Paulette,Huet,P0024,30/04/1991,0113242873,0735615585,non
Laura,David,Ekoloclast,Paris,Ventes et Développement Commercial,B2B,Commercial,Elena,Robert,P0707,22/03/1971,0131091659,0791275326,oui
Laure,Henry,Ekoloclast,Paris,Direction Générale,-,Assistant de direction,Émile,Legrand,P0535,17/04/1985,0177738428,0606523189,non
Léa,Gagnon,Ekoloclast,Paris,Communication,Relation Publique et Presse,Chargé de presse,Valentina,Ferrari,P0784,16/08/1970,0137109098,0728712373,non
Léa,Michel,Ekoloclast,Paris,Ventes et Développement Commercial,B2B,Commercial,Elena,Robert,P0390,28/08/1979,0116147572,0612044334,oui
Leila,Da Silva,Ekoloclast,Paris,R&D,Laboratoire,Laborantin,Nora,Al-Hassan,P0360,18/06/1986,0158323151,-,non
Leon,Müller,Ekoloclast,Paris,Direction Financière,Finance,Analyste financier,Aurélie,Petit,P0778,21/03/1990,0138203793,-,non
Liam,O'Connor,Ekoloclast,Paris,R&D,Innovation et Stratégie,Chercheur,Sofia,Rodriguez,P0370,28/05/1979,0136451472,0654962868,non
Libou,Khamin,Ekoloclast,Paris,Ventes et Développement Commercial,B2B,Commercial,Elena,Robert,P0099,16/08/1989,0163589052,0698556201,oui
Lionel,Marchand,Ekoloclast,Paris,RH,-,Directeur RH,Gilles,Faure,P0328,08/11/1989,0131625429,0689914715,non
Louis,Dupont,Ekoloclast,Paris,Direction Financière,Contrôle de Gestion,Contrôleur de gestion,Aurélie,Petit,P0215,10/09/1989,0181645274,-,non
Louis,Laurent,Ekoloclast,Paris,Ventes et Développement Commercial,ADV,Responsable ADV,Sarah,Durand,P0572,05/08/1976,0189248436,0668251481,non
Luca,Rizzo,Ekoloclast,Paris,Communication,Publicité,Responsable publicité,Valentina,Ferrari,P0125,12/09/1978,0119695708,0627924335,non
Lucas,Martin,Ekoloclast,Paris,Ventes et Développement Commercial,Grands Comptes,Commercial,Mélanie,Lefebvre,P0033,09/08/1986,0132935734,0634335136,oui
Luna,García,Ekoloclast,Paris,Ventes et Développement Commercial,Service achat,Acheteur,Oliver,Johnson,P0493,05/12/1999,0180956625,0740080910,non
Manon,Vincent,Ekoloclast,Paris,Ventes et Développement Commercial,Service Client,Agent Client,Alexandre,Roux,P0243,13/04/1974,0158456954,0749174856,non
Marc,Roussel,Ekoloclast,Paris,Ventes et Développement Commercial,Service achat,Acheteur,Oliver,Johnson,P0569,20/06/1985,0138646142,0704322288,non
Marco,Ricci,Ekoloclast,Paris,Communication,Publicité,Publicitaire,Valentina,Ferrari,P0254,30/07/1985,0103339623,0749269032,non
Marie,Leroux,Ekoloclast,Paris,Ventes et Développement Commercial,Service Client,Agent Client,Alexandre,Roux,P0291,06/06/1981,0109786937,0686781565,non
Mathieu,Roux,Ekoloclast,Paris,Direction Financière,Service Comptabilité,Comptable,Aurélie,Petit,P0342,22/07/1998,0155950710,-,non
Mathieu,Morel,Ekoloclast,Paris,Ventes et Développement Commercial,Service Client,Agent Client,Alexandre,Roux,P0425,15/05/1987,0122185487,0764889123,non
Maxime,Petit,Ekoloclast,Paris,Ventes et Développement Commercial,Développement internationnal,Commercial,Sarah,Durand,P0260,14/07/1980,0102724116,0724827047,oui
Mélanie,Lefebvre,Ekoloclast,Paris,Ventes et Développement Commercial,Grands Comptes,Responsable Grands Comptes,Sarah,Durand,P0628,06/12/1973,0141915920,0779466973,oui
Mia,Heschklaesh,Ekoloclast,Paris,Direction Générale,-,Secrétaire,Gilles,Faure,P0333,24/06/1992,0138053053,0656297307,non
Mia,Nguyen,Ekoloclast,Paris,R&D,Innovation et Stratégie,Chercheur,Sofia,Rodriguez,P0667,30/12/1978,0194817650,0638411616,non
Mohamed,Al-Amin,Ekoloclast,Paris,Service Généraux,Logistique,Agent logistique,Julien,Marie,P0096,29/11/1998,0183976554,0604266370,non
Morgane,Palaiseau,Ekoloclast,Paris,Direction Financière,Finance,Analyste financier,Aurélie,Petit,P0261,01/11/1983,0148621526,-,non
Myriam,Aubert,Ekoloclast,Paris,RH,Formation,Formateur,Kelly,Arnaud,P0044,25/06/1990,0132404086,0731355860,non
Nathalie,Nicolas,Ekoloclast,Paris,Service Juridique,Contentieux,Juriste,Sophie,Clement,P0654,14/07/1974,0198639108,-,non
Nathan,Le Roux,Ekoloclast,Paris,Service Généraux,Logistique,Agent logistique,Julien,Marie,P0745,02/10/1989,0156284504,0630771729,non
Nicolas,Bertrand,Ekoloclast,Paris,Ventes et Développement Commercial,ADV,Gestionnaire ADV,Louis,Laurent,P0180,30/05/1991,0185645741,0785401077,non
Nina,Pichon,Ekoloclast,Paris,Direction Marketing,Marketing Produit,Chef de produit,Paulette,Huet,P0712,16/09/1980,0166042807,0613794690,non
Nina,Kovačević,Ekoloclast,Paris,R&D,Laboratoire,Laborantin,Nora,Al-Hassan,P0216,20/04/1990,0196349372,-,non
Noah,Dumas,Ekoloclast,Paris,RH,Formation,Formateur,Kelly,Arnaud,P0516,20/01/1975,0163720761,0681305279,non
Noémie,Pichon,Ekoloclast,Paris,Communication,Publicité,Publicitaire,Valentina,Ferrari,P0417,29/01/1978,0197212409,0789291227,non
Noémie,Lerocher,Ekoloclast,Paris,Service Généraux,Logistique,Agent logistique,Julien,Marie,P0558,01/04/1999,0127525202,0698121096,non
Nora,Al-Hassan,Ekoloclast,Paris,R&D,Laboratoire,Responsable Laboratoire,Sofia,Rodriguez,P0047,24/01/1987,0199876628,0694122527,non
Nordman,Polock,Ekoloclast,Paris,RH,Gestion des performances,Agent RH,Kelly,Arnaud,P0167,15/06/1999,0167675624,-,non
Olga,Üt,Ekoloclast,Paris,Ventes et Développement Commercial,Grands Comptes,Commercial,Mélanie,Lefebvre,P0783,22/02/1971,0139798929,0729966375,oui
Oliver,Johnson,Ekoloclast,Paris,Ventes et Développement Commercial,Service achat,Responsable achat,Sarah,Durand,P0584,16/02/1991,0182744358,0733632584,non
Olivia,Garcia,Ekoloclast,Paris,Ventes et Développement Commercial,Grands Comptes,Commercial,Mélanie,Lefebvre,P0709,03/01/1976,0185059531,0723385865,oui
Olivier,Marechal,Ekoloclast,Paris,Direction Marketing,Marketing Produit,Gestionaire de marque,Paulette,Huet,P0116,04/02/1976,0112542951,0763563050,non
Ophélie,Poulin,Ekoloclast,Paris,RH,Formation,Formateur,Kelly,Arnaud,P0772,17/05/1980,0183686918,0675781283,non
Oscar,Perrin,Ekoloclast,Paris,Service Juridique,Contentieux,Juriste,Sophie,Clement,P0588,04/08/1998,0148472392,-,non
Patricia,Morin,Ekoloclast,Paris,Service Juridique,Contentieux,Juriste,Sophie,Clement,P0557,07/09/1981,0146653993,-,non
Paul,Perrin,Ekoloclast,Paris,R&D,Innovation et Stratégie,Chercheur,Sofia,Rodriguez,P0071,24/01/1971,0141760493,0601900221,non
Paul,Lacombe,Ekoloclast,Paris,RH,Santé et sécurité au travail,Technicien HSE,Kelly,Arnaud,P0504,26/04/1983,0115129658,0696681410,non
Paulette,Huet,Ekoloclast,Paris,Direction Marketing,Marketing Produit,Responsable de gamme,Brigitte,Lucas,P0483,25/07/1989,0117830339,0791316893,non
Pauline,Blanc,Ekoloclast,Paris,Communication,Publicité,Publicitaire,Valentina,Ferrari,P0102,29/04/1991,0198905297,0725602768,non
Pierre,David,Ekoloclast,Paris,DSI,Data,Data scientist,Adrien,Lambert,P0357,23/12/1989,0152484463,-,non
Quentin,Blanchard,Ekoloclast,Paris,Direction Financière,Contrôle de Gestion,Contrôleur de gestion,Aurélie,Petit,P0036,01/09/1982,0133667375,-,non
Raphaël,Lefebvre,Ekoloclast,Paris,Ventes et Développement Commercial,Service Client,Agent Client,Alexandre,Roux,P0019,03/02/1973,0178205904,0681608883,non
Rayan,Fontaine,Ekoloclast,Paris,RH,Santé et sécurité au travail,Technicien HSE,Kelly,Arnaud,P0445,31/05/1998,0109971876,0753814244,non
Rémi,Deschamps,Ekoloclast,Paris,Direction Marketing,Marketing Digital,Community manager,Sylvie,Charpentier,P0399,25/02/1975,0108300095,0777610318,non
Romain,Gauthier,Ekoloclast,Paris,Direction Financière,Service Comptabilité,Comptable,Aurélie,Petit,P0041,03/01/1984,0153607207,-,non
Romain,Mathieu,Ekoloclast,Paris,Service Juridique,Contentieux,Juriste,Sophie,Clement,P0618,18/04/1982,0162548306,-,non
Rosalie,Roux,Ekoloclast,Paris,DSI,Data,Data scientist,Adrien,Lambert,P0277,20/12/1997,0136592923,-,non
Sara,Lebrun,Ekoloclast,Paris,RH,Santé et sécurité au travail,Technicien HSE,Kelly,Arnaud,P0068,08/01/1977,0161436564,0647307941,non
Sarah,Durand,Ekoloclast,Paris,Ventes et Développement Commercial,Développement internationnal,Directrice Commercial,Gilles,Faure,P0362,27/06/1973,0127518493,0744720692,oui
Sofia,Rodriguez,Ekoloclast,Paris,R&D,Innovation et Stratégie,Responsable Recherche,Gilles,Faure,P0467,07/03/1994,0145432463,0667856189,non
Sophie,Clement,Ekoloclast,Paris,Service Juridique,Contrats,Responsable Juridique,Gilles,Faure,P0198,15/06/1998,0145303360,0773550482,non
Sylvie,Charpentier,Ekoloclast,Paris,Direction Marketing,Marketing Digital,Responsable marketing digital,Brigitte,Lucas,P0224,13/04/1971,0153733689,0609992482,non
Théo,Laurent,Ekoloclast,Paris,Ventes et Développement Commercial,B2B,Commercial,Elena,Robert,P0528,28/05/1988,0126829911,0754982135,oui
Thomas,Gauthier,Ekoloclast,Paris,Service Juridique,Contrats,Juriste,Sophie,Clement,P0491,15/02/1994,0194941606,-,non
Thomas,Girard,Ekoloclast,Paris,Ventes et Développement Commercial,ADV,Gestionnaire ADV,Louis,Laurent,P0456,10/04/1977,0173393432,0718755210,non
Timothée,Guillot,Ekoloclast,Paris,RH,Santé et sécurité au travail,Auditeur,Kelly,Arnaud,P0501,25/11/1991,0116965937,0665661105,non
Tristan,Marie,Ekoloclast,Paris,Direction Marketing,Marketing Digital,Analyste web,Sylvie,Charpentier,P0523,24/07/1975,0140371723,0648458518,non
Ugo,Dumont,Ekoloclast,Paris,Service Juridique,Contrats,Juriste,Sophie,Clement,P0368,22/05/1976,0141898855,-,non
Ulrich,Da Silva,Ekoloclast,Paris,Direction Marketing,Marketing Digital,Content manager,Sylvie,Charpentier,P0764,24/06/1970,0194196054,0760489146,non
Uriel,Hubert,Ekoloclast,Paris,RH,Santé et sécurité au travail,Animateur sécurité,Kelly,Arnaud,P0594,26/02/1984,0128722103,0655179627,non
Valentina,Ferrari,Ekoloclast,Paris,Communication,-,Directrice communication,Gilles,Faure,P0702,28/06/1988,0186363311,0666052403,non
Valérie,Houddin,Ekoloclast,Paris,Communication,Publicité,Designer graphique,Valentina,Ferrari,P0681,10/09/1989,0177562105,0788510223,non
Valérie,Girard,Ekoloclast,Paris,DSI,Support,Hotliner,Adrien,Lambert,P0476,04/02/1979,0129186164,-,non
Vanessa,Boyer,Ekoloclast,Paris,Direction Marketing,Marketing stratégique,Analyste marketing,Brigitte,Lucas,P0541,27/12/1984,0107504339,0637936280,non
Véronique,Lopez,Ekoloclast,Paris,Service Juridique,Contrats,Juriste,Sophie,Clement,P0175,28/02/1974,0103799126,-,non
Victor,Lemoine,Ekoloclast,Paris,Direction Financière,Finance,Analyste financier,Aurélie,Petit,P0593,11/11/1977,0168553261,-,non
Victoria,Perrot,Ekoloclast,Paris,R&D,Innovation et Stratégie,Chercheur,Sofia,Rodriguez,P0341,28/02/1972,0140038617,0740204016,non
Walter,Maillard,Ekoloclast,Paris,Direction Marketing,Marketing stratégique,Analyste marketing,Brigitte,Lucas,P0601,16/08/1981,0157004421,0785225605,non
Wendy,Fontaine,Ekoloclast,Paris,RH,Recrutement,Agent RH,Kelly,Arnaud,P0490,26/08/1973,0135703741,-,non
Willy,Le Roux,Ekoloclast,Paris,R&D,Innovation et Stratégie,Chercheur,Sofia,Rodriguez,P0162,12/12/1997,0153633619,0680104517,non
Xander,Bailly,Ekoloclast,Paris,R&D,Innovation et Stratégie,Chercheur,Sofia,Rodriguez,P0141,31/07/1997,0109648700,0694081042,non
Xavier,Lefèvre,Ekoloclast,Paris,DSI,Support,Hotliner,Adrien,Lambert,P0586,19/03/1980,0113640136,-,non
Xena,Leblanc,Ekoloclast,Paris,Direction Marketing,Marketing stratégique,Analyste marketing,Brigitte,Lucas,P0292,25/09/1971,0189143158,0752205346,non
Xenia,Chevalier,Ekoloclast,Paris,RH,Recrutement,Agent RH,Kelly,Arnaud,P0708,31/07/1985,0141195702,-,non
Yasmine,Mercier,Ekoloclast,Paris,DSI,Support,Hotliner,Adrien,Lambert,P0366,21/06/1977,0101988614,-,non
Yolande,Gros,Ekoloclast,Paris,R&D,Innovation et Stratégie,Chercheur,Sofia,Rodriguez,P0269,25/09/1980,0187795281,0793018779,non
Youssef,El Amrani,Ekoloclast,Paris,R&D,Innovation et Stratégie,Chercheur,Sofia,Rodriguez,P0776,12/12/1977,0178779163,0763775059,non
Yves,Colin,Ekoloclast,Paris,RH,Recrutement,Agent RH,Kelly,Arnaud,P0461,06/12/1999,0149763304,-,non
Zacharie,Leclerc,Ekoloclast,Paris,RH,Recrutement,Agent RH,Kelly,Arnaud,P0485,25/09/1989,0117809759,-,non
Ziad,Prevost,Ekoloclast,Paris,R&D,Innovation et Stratégie,Chercheur,Sofia,Rodriguez,P0788,16/07/1999,0114280802,0607413538,non
Zoé,Dupuis,Ekoloclast,Paris,Direction Financière,Contrôle de Gestion,Contrôleur de gestion,Aurélie,Petit,P0223,30/10/1972,0178181063,-,non
Zoé,Dupont,Ekoloclast,Paris,DSI,Support,Hotliner,Adrien,Lambert,P0351,12/04/1983,0187327760,-,non
Zoel,Roger,Ekoloclast,Paris,Direction Marketing,Marketing stratégique,Chef de produit stratégique,Brigitte,Lucas,P0481,31/07/1983,0151500979,0733111117,non
